{"cameraMode":{"drawMode":0,"name":"Shaded","section":"Shading Mode"},"sceneLighting":false,"audioPlay":false,"sceneViewState":{"m_AlwaysRefresh":false,"showFog":true,"showSkybox":false,"showFlares":true,"showImageEffects":true,"showParticleSystems":true,"showVisualEffectGraphs":true,"m_FxEnabled":true},"in2DMode":false,"pivot":{"x":0.12411922216415405,"y":0.7466704845428467,"z":-0.036756038665771487},"rotation":{"x":-0.29302629828453066,"y":-0.2864697575569153,"z":0.09246338158845902,"w":-0.9075210690498352},"size":1.8918676376342774,"orthographic":false}