{"cameraMode":{"drawMode":0,"name":"Shaded","section":"Shading Mode"},"sceneLighting":false,"audioPlay":false,"sceneViewState":{"m_AlwaysRefresh":false,"showFog":true,"showSkybox":false,"showFlares":true,"showImageEffects":true,"showParticleSystems":true,"showVisualEffectGraphs":true,"m_FxEnabled":true},"in2DMode":false,"pivot":{"x":0.9713201522827148,"y":0.7406760454177856,"z":0.2389717847108841},"rotation":{"x":0.06083272024989128,"y":-0.7624551057815552,"z":0.07254062592983246,"w":0.6401432156562805},"size":1.2247449159622193,"orthographic":false}