{"cameraMode":{"drawMode":0,"name":"Shaded","section":"Shading Mode"},"sceneLighting":false,"audioPlay":false,"sceneViewState":{"m_AlwaysRefresh":false,"showFog":true,"showSkybox":false,"showFlares":true,"showImageEffects":true,"showParticleSystems":true,"showVisualEffectGraphs":true,"m_FxEnabled":true},"in2DMode":false,"pivot":{"x":0.2882946729660034,"y":0.9389134645462036,"z":0.44461607933044436},"rotation":{"x":-0.1116848811507225,"y":-0.7807457447052002,"z":0.14593279361724854,"w":-0.5972764492034912},"size":2.713679075241089,"orthographic":false}