{"cameraMode":{"drawMode":0,"name":"Shaded","section":"Shading Mode"},"sceneLighting":false,"audioPlay":false,"sceneViewState":{"m_AlwaysRefresh":false,"showFog":true,"showSkybox":false,"showFlares":true,"showImageEffects":true,"showParticleSystems":true,"showVisualEffectGraphs":true,"m_FxEnabled":true},"in2DMode":false,"pivot":{"x":0.7896800637245178,"y":1.2072606086730958,"z":0.4734625816345215},"rotation":{"x":-0.1116848811507225,"y":-0.7807457447052002,"z":0.14593279361724854,"w":-0.5972764492034912},"size":5.0449981689453129,"orthographic":false}