{"cameraMode":{"drawMode":0,"name":"Shaded","section":"Shading Mode"},"sceneLighting":true,"audioPlay":false,"sceneViewState":{"m_AlwaysRefresh":false,"showFog":true,"showSkybox":true,"showFlares":true,"showImageEffects":true,"showParticleSystems":true,"showVisualEffectGraphs":true,"m_FxEnabled":true},"in2DMode":false,"pivot":{"x":-3.6855201721191408,"y":3.010316848754883,"z":0.8265760540962219},"rotation":{"x":0.13648980855941773,"y":0.7744467258453369,"z":-0.17872405052185059,"w":0.5914050936698914},"size":1.3394547700881959,"orthographic":false}